,Parameter,Value,Units
0,k1,[0.338244995298566],s^-1
1,km1,[0.30021693654406323],s^-1
