,Parameter,Value,Units
0,k1,[0.29005482590208387],s^-1
1,km1,[0.2997892554867174],s^-1
