Parameter,Opt Value,Error
k1,0.29005482590208387,91.95164157304383
km1,0.2997892554867174,85.5048781338869
