,Parameter,Value,Units
0,k1,[7.39031564490767],s^-1
1,km1,[3.868958084579459],s^-1
