Parameter,Value,Error
k1,1.2339842865305428e-06,3.570413355176814e-13
km1,958.8008828830805,0.00027628062942569636
