Parameter,Value,Error
k1,1.1839950919689812e-06,2.6351541853292053e-13
km1,934.683878125297,4.209759563541751e-05
