,Parameter,Value,Units
0,k1,[7.057506316909823e-06],s^-1
1,km1,[790.9443214420198],s^-1
2,k2,[8333.657597571837],M^-1s^-1
3,km2,[3.3717549538751257],s^-1
