,Parameter,Value,Units
0,k2,[79989.52557617507],M^-1s^-1
1,km2,[2.249719313511444],s^-1
2,kcat,[0.12887899386460577],s^-1
