,Parameter,Value,Units
0,k2,[79768.22563344466],M^-1s^-1
1,km2,[2.243141287474393],s^-1
