Parameter,Opt Value,Error
k1,2.406334112290437,79.58240824039227
km1,1.992402321045141,72.50893582663146
