,Parameter,Value,Units
0,k1,[2.406334112290437],s^-1
1,km1,[1.992402321045141],s^-1
