,Parameter,Value,Units
0,k2,[79812.56533880462],M^-1s^-1
1,km2,[22.125366955400434],s^-1
2,kcat,[0.2730961996859469],s^-1
