,Parameter,Value,Units
0,k1,[4.169787853928371],s^-1
1,km1,[2.466962251527551],s^-1
