,Parameter,Value,Units
0,k2,[13585.435100057697],M^-1s^-1
1,km2,[9.422303139706424],s^-1
2,kcat,[3.2527078674352365],s^-1
