Parameter,Value,Error
k2,15269.087713547562,1227.9134638002552
km2,1797.032918705717,308.5829271545759
kcat,554.742578448808,66.9593367859798
