,Parameter,Value,Units
0,k2,[15269.087713547562],M^-1s^-1
1,km2,[1797.032918705717],s^-1
2,kcat,[554.742578448808],s^-1
