Parameter,Value,Error
k2,11189424.456442926,
km2,44.85767208605548,
kcat,0.04394100552646263,
