,Parameter,Value,Error,Units
0,k2,10587792.016413549,0.0,M^-1s^-1
1,km2,59.30131763679785,0.0,s^-1
2,kcat,0.043428068994751046,0.0,s^-1
