Parameter,Value,Error
k2,239961.6587833933,
km2,119.75995941671721,
kcat,0.0015797682988190065,
