Parameter,Value,Error
k2,79989.52557617507,216374.4225379172
km2,2.249719313511444,6.659243705743596
kcat,0.12887899386460577,0.04125944592876215
