,Parameter,Value,Units
0,k2,[35866.27627726628],M^-1s^-1
1,km2,[12.578532574773059],s^-1
2,kcat,[1.3460929434222906],s^-1
