,Parameter,Value,Units
0,k2,[221042.53461444733],M^-1s^-1
1,km2,[18.335478913498477],s^-1
2,kcat,[0.342468646280905],s^-1
