Parameter,Value,Error
k2,32185493.009244956,31799.12494089801
km2,154.69975169858876,0.8219900822090939
kcat,0.042986059978739055,0.00020939392591315801
