,Parameter,Value,Error,Units
0,k1,990261.3646708115,26.48708820518991,s^-1
1,km1,13.355872363554196,0.00038765548050030934,s^-1
2,k2,371304200.74636525,1374093.0916059373,M^-1s^-1
3,km2,2051.126482764066,8.316017386885404,s^-1
4,kcat,0.10245614734794722,0.0011401557844373383,s^-1
