,Parameter,Value,Units
0,k2,[32185493.009244956],M^-1s^-1
1,km2,[154.69975169858876],s^-1
2,kcat,[0.042986059978739055],s^-1
