,Parameter,Value,Units
0,k2,[1917550.388478887],M^-1s^-1
1,km2,[6.635156735111402],s^-1
2,kcat,[0.03683958660746045],s^-1
