Parameter,Value,Error
k2,1917550.388478887,14589934.198803827
km2,6.635156735111402,51.44692667429854
kcat,0.03683958660746045,0.003477701560742944
