,Parameter,Value,Error,Units
0,k2,10540265.647033794,161774.1945497081,M^-1s^-1
1,km2,58.115816021713925,0.9733646309251303,s^-1
2,kcat,0.05087161428307385,0.0012039286144177783,s^-1
