Parameter,Value,Error
k2,1917550.388478887,13410389.208147567
km2,6.635156735111402,47.70973964251282
kcat,0.03683958660746045,0.004222613289557495
