,Parameter,Value,Units
0,k2,[856752129.959553],M^-1s^-1
1,km2,[4274.819288042056],s^-1
2,kcat,[0.04915217257890059],s^-1
