,Parameter,Value,Units
0,k2,[11325426.895210868],M^-1s^-1
1,km2,[252.96953857522485],s^-1
2,kcat,[0.12739884160930237],s^-1
