,Parameter,Value,Error,Units
0,k2,1287486.797824536,1179536.146752275,M^-1s^-1
1,km2,48.7260821674092,27.243332324069975,s^-1
2,kcat,5.115323938389604,8.125956337837449,s^-1
